timestamp;"Do you run UI5 freestyle apps in production?
(""freestyle"" here mostly means ""core"" UI5 usage.
With some -but no strict!- adherence to Fiori UI-/UX-guidelines.
A question with regard to ""Standard Fiori apps"" comes later in the sequence)";Do you run Fiori Elements apps in production?;"Do you run Standard (Fiori) apps in production?
(""Fiori"" here applies to pre-delivered SAP apps)";What technologies and variants do you use in your productive UI5 freestyle app?;"What variations of and how many productive Standard apps are you running? [delivered by SAP ""as-is"", but with Customizing]";Are you running automated tests for your productive UI5-, FE- and/or Fiori-app?;How do you bootstrap new UI5-Freestyle- and Fiori-apps?;How do you bootstrap new Fiori Elements apps?;What IDEs are you using for developing UI5-based apps (incl Freestyle, Fiori Elements, and Standard)?;How do you deploy your productive apps? [from BAS];"How do you deploy your productive apps? [via BTP's ""Cloud Transport Management""]";How do you deploy your productive apps? [via GitHub Actions];How do you deploy your productive apps? [via GitLab Pipelines];How do you deploy your productive apps? [via BitBucket Pipelines];How do you deploy your productive apps? [from Jenkins];How do you deploy your productive apps? [from the developer's computer];How many UI5 freestyle apps are you running in production?;How many Fiori Elements apps are you running in production?;How many Standard (Fiori) apps are you running in production?;Which open source packages do you use for your UI5 development that were developed specifically for UI5 and are not maintained by SAP?;Which UI5 version are most of your productive apps currently using?;Which deployment model do you primarily use for productive UI5-based apps?;"What is the relationship between the use of SAP GUI and UI5-based Apps (Freestyle, FE, standard Fiori) in production at your org/company/enterprise/area of responsibility?
";What variations of and how many Fiori Element apps are you running in production? [self developed/generated];"What variations of and how many Fiori Element apps are you running in production? [self developed/generated  including ""Breakouts"", aka ""Modifications""; officially referred to as ""App Extensions"", https://ui5.sap.com/#/topic/340cdb2ba97c4843979f905a70a327ee)]";"What variations of and how many Fiori Element apps are you running in production? [delivered by SAP ""as-is"", without code modifications, but eventually with Customizing]";"What variations of and how many Fiori Element apps are you running in production? [delivered by SAP, but modified/extended (""Adaptation Extensions"", https://ui5.sap.com/#/topic/52fc48b479314d0688be24f699778c47)]";What variations of and how many productive Standard apps are you running? [delivered by SAP, but modified with Code];What variations of and how many productive Standard apps are you running? [both: delivered by SAP, but modified with Code and customized];"What variations of and how many productive Standard apps are you running? [delivered by SAP ""as-is"", 1:1 in Production]"
2.2.2024 11:22:56;Yes;Yes;Yes;"OData v2 ""Smart Controls"", Reuse Components, UI5 Libraries, none of the above, simply ""Freestyle""";;none;Fiori Tools (in BAS or VS Code);Fiori Tools (in BAS or VS Code);Visual Studio Code (VS Code);;to BTP;;;;;to an on-premise SAP System;30;10;10;;1.108 to 1.120;SAP On-Premise, BTP;3;1-5;6-10;;;;6-10;
2.2.2024 11:30:40;Yes;Yes;Yes;"Flexible Programming Model (""FPM"", containing Building Blocks/Macros (""OData v4 Smart Controls"")), OData v2 ""Smart Controls"", UI5 Libraries";;E2E with Chrome Tools;"""Easy UI5""-Generator, Fiori Tools (in BAS or VS Code)";Fiori Tools (in BAS or VS Code);Business Application Studio (BAS) in BTP, Visual Studio Code (VS Code);to an on-premise SAP System, to BTP;;;;;;to an on-premise SAP System;10;6;;Once used barcode scanning until it was made available in ui5;1.108 to 1.120;SAP On-Premise, BTP;1;1-5;1-5;1-5;1-5;;6-10;
2.2.2024 11:31:48;Yes;Yes;Yes;"UI5 Libraries, none of the above, simply ""Freestyle""";11-15;Playwright ;Fiori Tools (in BAS or VS Code);Fiori Tools (in BAS or VS Code);Business Application Studio (BAS) in BTP, Visual Studio Code (VS Code);to BTP;;;to BTP;to an on-premise SAP System;;;1;3;200;;1.108 to 1.120;SAP On-Premise, BTP;3;1-5;1-5;1-5;1-5;11-15;11-15;20+
2.2.2024 11:44:02;Yes;Yes;Yes;"Flexible Programming Model (""FPM"", containing Building Blocks/Macros (""OData v4 Smart Controls"")), Flexibility: UI Adaptations (https://ui5.sap.com/sdk/#/topic/f1430c0337534d469da3a56307ff76af.html), OData v2 ""Smart Controls"", Reuse Components, UI5 Libraries";;;"""Easy UI5""-Generator, copy existing app, Start from scratch with npm, UI5 Tooling, and manually creating webapp files";;Business Application Studio (BAS) in BTP, Visual Studio Code (VS Code);;;;;;;;;;;;;;3;;;;;;;
2.2.2024 11:49:38;Yes;Yes;No;UI5 Web Components, UI5 Libraries;;Cypress;Fiori Tools (in BAS or VS Code);Fiori Tools (in BAS or VS Code);Business Application Studio (BAS) in BTP, Visual Studio Code (VS Code);;;to BTP;to BTP;to BTP;;;10;80;;None;1.108 to 1.120;BTP;4;20+;1-5;;;;;
2.2.2024 12:10:59;Yes;Yes;No;"Flexibility: UI Adaptations (https://ui5.sap.com/sdk/#/topic/f1430c0337534d469da3a56307ff76af.html), OData v2 ""Smart Controls"", UI5 Libraries";;none;"""Easy UI5""-Generator, Fiori Tools (in BAS or VS Code)";Fiori Tools (in BAS or VS Code);Business Application Studio (BAS) in BTP, Visual Studio Code (VS Code);to an on-premise SAP System;;;;;;;5;15;;;1.85 to 1.96;SAP On-Premise;1;1-5;11-15;;;;;
2.2.2024 12:19:32;Yes;Yes;No;"Flexible Programming Model (""FPM"", containing Building Blocks/Macros (""OData v4 Smart Controls"")), OData v2 ""Smart Controls"", none of the above, simply ""Freestyle""";;none;Fiori Tools (in BAS or VS Code);Fiori Tools (in BAS or VS Code);Business Application Studio (BAS) in BTP, Visual Studio Code (VS Code);;;;;;to BTP;;10;2;;Excel reading library;1.108 to 1.120;BTP;0;1-5;;;;;;
2.2.2024 12:28:35;Yes;Yes;No;"OData v2 ""Smart Controls"", UI5 Libraries";;none;Fiori Tools (in BAS or VS Code), copy existing app;Fiori Tools (in BAS or VS Code);Business Application Studio (BAS) in BTP, Visual Studio Code (VS Code);;;;to BTP;;;to BTP;15;30;;Ui5 tooling;1.96 to 1.108;BTP;4;11-15;6-10;;;;;
2.2.2024 12:33:08;Yes;Yes;Yes;"OData v2 ""Smart Controls"", Reuse Components, UI5 Libraries";1-5;none;"""Easy UI5""-Generator, Fiori Tools (in BAS or VS Code)";Fiori Tools (in BAS or VS Code);Business Application Studio (BAS) in BTP, Visual Studio Code (VS Code);to an on-premise SAP System, to BTP;to BTP;to an on-premise SAP System;;;;to an on-premise SAP System, to BTP;15;30;50;Ui5-SpreadSheet-Uploader by Marian Zeis;1.108 to 1.120;SAP On-Premise ECC, SAP On-Premise S/4, BTP;1;20+;11-15;1-5;1-5;1-5;1-5;20+
2.2.2024 12:41:08;Yes;Yes;Yes;"OData v2 ""Smart Controls"", Reuse Components";;none;Fiori Tools (in BAS or VS Code);Fiori Tools (in BAS or VS Code);Visual Studio Code (VS Code);;;;;;;to an on-premise SAP System;6;3;;;1.60 to 1.71;SAP On-Premise ECC;1;;1-5;;1-5;;6-10;
2.2.2024 12:58:07;Yes;Yes;Yes;"UI5 Web Components, Flexible Programming Model (""FPM"", containing Building Blocks/Macros (""OData v4 Smart Controls"")), Flexibility: UI Adaptations (https://ui5.sap.com/sdk/#/topic/f1430c0337534d469da3a56307ff76af.html), OData v2 ""Smart Controls"", Reuse Components, UI5 Libraries";20+;Unit Tests (QUnit), Integration Tests (OPA5), end-to-end Tests (wdi5);Fiori Tools (in BAS or VS Code);Fiori Tools (in BAS or VS Code);Business Application Studio (BAS) in BTP, Visual Studio Code (VS Code), Eclipse, Eclipse ADT for UI-Annotations;;;to an on-premise SAP System, to BTP, to Azure, to AWS;to an on-premise SAP System, to BTP, to Azure, to AWS;to an on-premise SAP System, to BTP, to Azure, to AWS;to an on-premise SAP System, to BTP, to Azure, to AWS;;many;many;;;1.96 to 1.108;SAP On-Premise ECC, SAP On-Premise S/4, BTP, Hybrid;2;20+;16-20;20+;16-20;16-20;20+;20+
2.2.2024 13:09:01;No;No;Yes;;;none;;;;;;;;;;;;;;;;;0;;;;;;;1-5
2.2.2024 13:14:47;Yes;Yes;Yes;"OData v2 ""Smart Controls"", Reuse Components, UI5 Libraries";20+;Integration Tests (OPA5);"""Easy UI5""-Generator, Fiori Tools (in BAS or VS Code), you built your own generator, copy existing app";Fiori Tools (in BAS or VS Code);Visual Studio Code (VS Code);;;;;;;;Around 50;Around 10;More than 100;UI5 tooling;1.108 to 1.120;SAP On-Premise ECC, SAP On-Premise S/4;2;6-10;1-5;20+;1-5;1-5;1-5;20+
2.2.2024 13:15:25;Yes;No;No;Reuse Components, UI5 Libraries, Medical environment, not using launchpad due to different nature of apps. The entry point of the apps are the patients, not de user;;Unit Tests (QUnit), Integration Tests (OPA5), We have had tests, but lost all of it due to no mainteinment;you built your own generator;Fiori Tools (in BAS or VS Code);Visual Studio Code (VS Code);;;;;;;to a SAP System in der Cloud;>70;;;Ui5-tools;1.60 to 1.71;SAP S/4 Private Cloud;3;;;;;;;
2.2.2024 13:37:46;Yes;Yes;Yes;"OData v2 ""Smart Controls"", Reuse Components, UI5 Libraries";20+;Unit Tests (QUnit), Integration Tests (OPA5), end-to-end Tests (wdi5);Fiori Tools (in BAS or VS Code);Fiori Tools (in BAS or VS Code);Business Application Studio (BAS) in BTP, Visual Studio Code (VS Code);to an on-premise SAP System;;;;;;;30;50;100;Spreadsheet;1.108 to 1.120;SAP On-Premise S/4, BTP;3;20+;16-20;11-15;11-15;11-15;11-15;20+
2.2.2024 13:59:31;Yes;Yes;Yes;"OData v2 ""Smart Controls"", UI5 Libraries";;none;Fiori Tools (in BAS or VS Code);Fiori Tools (in BAS or VS Code);Business Application Studio (BAS) in BTP;to an on-premise SAP System, to BTP;;;;;;to an on-premise SAP System;25;2;;None;1.60 to 1.71;SAP On-Premise ECC, BTP;2;1-5;;;;;;1-5
2.2.2024 14:00:50;Yes;Yes;Yes;"OData v2 ""Smart Controls"", none of the above, simply ""Freestyle""";1-5;none;Fiori Tools (in BAS or VS Code), copy existing app;Fiori Tools (in BAS or VS Code);Business Application Studio (BAS) in BTP, Visual Studio Code (VS Code);to an on-premise SAP System;;;to an on-premise SAP System;;;to an on-premise SAP System;;;;ui5 spreadsheet uploader;1.108 to 1.120;SAP On-Premise S/4;4;6-10;6-10;;1-5;;;1-5, 6-10
2.2.2024 14:08:24;Yes;Yes;No;"Flexible Programming Model (""FPM"", containing Building Blocks/Macros (""OData v4 Smart Controls"")), UI5 Libraries";;Unit Tests (QUnit), Integration Tests (OPA5);Fiori Tools (in BAS or VS Code);Fiori Tools (in BAS or VS Code);Visual Studio Code (VS Code);;;to BTP;;;;to BTP;2;4;;ui5-cc-spreadsheetimporter;1.108 to 1.120;BTP;4;1-5;1-5;;1-5;;;
2.2.2024 14:20:56;Yes;No;Yes;"Flexible Programming Model (""FPM"", containing Building Blocks/Macros (""OData v4 Smart Controls"")), OData v2 ""Smart Controls"", Reuse Components, UI5 Libraries, none of the above, simply ""Freestyle""";;Unit Tests (QUnit), end-to-end Tests (wdi5), none;"""Easy UI5""-Generator";;Business Application Studio (BAS) in BTP, Visual Studio Code (VS Code);;;to Azure;;;to BTP;;20+;;;ui5-tooling;1.108 to 1.120;BTP, Other Cloud System;4;;;;;1-5;;
2.2.2024 14:32:04;Yes;Yes;No;"OData v2 ""Smart Controls"", UI5 Libraries";;none;Fiori Tools (in BAS or VS Code);Fiori Tools (in BAS or VS Code);Business Application Studio (BAS) in BTP, Visual Studio Code (VS Code);to an on-premise SAP System, to a SAP System in der Cloud;to a SAP System in der Cloud;;;;;;2;12;;;1.60 to 1.71;SAP On-Premise ECC, SAP On-Premise S/4;2;11-15;6-10;;;;;
2.2.2024 14:41:00;Yes;Yes;Yes;"OData v2 ""Smart Controls"", UI5 Libraries";;none;Fiori Tools (in BAS or VS Code);Fiori Tools (in BAS or VS Code);Personal Sap webide;;;;;;;to an on-premise SAP System;2;;;;1.96 to 1.108;SAP On-Premise S/4;3;1-5;;;;;1-5;20+
2.2.2024 14:46:40;Yes;No;Yes;"none of the above, simply ""Freestyle""";;none;Fiori Tools (in BAS or VS Code);Fiori Tools (in BAS or VS Code);Business Application Studio (BAS) in BTP;to an on-premise SAP System;;;;;;to an on-premise SAP System;40;;10;;1.60 to 1.71;SAP On-Premise ECC;2;;;;;;1-5;1-5
2.2.2024 14:54:50;Yes;No;No;"UI5 Web Components, OData v2 ""Smart Controls"", UI5 Libraries";;none;"""Easy UI5""-Generator, Fiori Tools (in BAS or VS Code)";copy existing app;Business Application Studio (BAS) in BTP, Visual Studio Code (VS Code);to BTP;to BTP;;;to BTP;;to BTP;;;;;1.108 to 1.120;BTP;3;;;;;;;
2.2.2024 14:54:52;Yes;Yes;Yes;"Flexibility: UI Adaptations (https://ui5.sap.com/sdk/#/topic/f1430c0337534d469da3a56307ff76af.html), OData v2 ""Smart Controls"", Reuse Components, UI5 Libraries, none of the above, simply ""Freestyle""";;none;"""Easy UI5""-Generator, Fiori Tools (in BAS or VS Code)";Fiori Tools (in BAS or VS Code);Business Application Studio (BAS) in BTP, Visual Studio Code (VS Code);to an on-premise SAP System, to a SAP System in der Cloud, to BTP;to BTP;;;;;to an on-premise SAP System, to BTP;40? ;15;5;A library to zip large data;1.72 to 1.84;SAP On-Premise ECC, SAP On-Premise S/4, BTP;3;6-10;1-5;;1-5;1-5;;1-5
2.2.2024 14:56:37;Yes;Yes;Yes;"OData v2 ""Smart Controls"", Reuse Components, UI5 Libraries";11-15;none;Fiori Tools (in BAS or VS Code);Fiori Tools (in BAS or VS Code);Business Application Studio (BAS) in BTP, Visual Studio Code (VS Code);to an on-premise SAP System;;;;;;;;;;;1.96 to 1.108;SAP On-Premise S/4;1;1-5;1-5;1-5;;;;16-20
2.2.2024 14:56:55;Yes;Yes;Yes;"UI5 Web Components, Flexibility: UI Adaptations (https://ui5.sap.com/sdk/#/topic/f1430c0337534d469da3a56307ff76af.html), OData v2 ""Smart Controls"", UI5 Libraries";1-5;none;web ide;web ide;web ide;to an on-premise SAP System;;;;;;;80;60;;-;1.108 to 1.120;SAP On-Premise S/4;3;20+;1-5;1-5;1-5;;;1-5
2.2.2024 14:58:17;Yes;No;No;"none of the above, simply ""Freestyle""";;none;you built your own generator, copy existing app;;Visual Studio Code (VS Code), SAP WebIDE;;;;to Azure;;;to Azure;23;;;;1.108 to 1.120;Other On-Premise System, Other Cloud System;4;;;;;;;
2.2.2024 14:58:35;Yes;Yes;Yes;"Flexible Programming Model (""FPM"", containing Building Blocks/Macros (""OData v4 Smart Controls"")), OData v2 ""Smart Controls"", Reuse Components, UI5 Libraries, none of the above, simply ""Freestyle""";1-5;none;Fiori Tools (in BAS or VS Code);Fiori Tools (in BAS or VS Code);Business Application Studio (BAS) in BTP;to an on-premise SAP System, to a SAP System in der Cloud, to BTP;;;;;;;30;20;30;;1.108 to 1.120;SAP On-Premise ECC, SAP S/4 Public Cloud, BTP;2;6-10;;6-10;1-5;1-5;1-5;20+
2.2.2024 14:59:10;No;No;Yes;;1-5;none;;;Eclipse;;;;;;;to an on-premise SAP System;;;10;;2.x;SAP On-Premise S/4;1;;;;;;;1-5
2.2.2024 14:59:32;No;No;Yes;;1-5;none;;;Business Application Studio (BAS) in BTP;to an on-premise SAP System;;;;;;;;;;;1.60 to 1.71;SAP On-Premise ECC;1;;;;;;;16-20
2.2.2024 14:59:57;Yes;Yes;Yes;UI5 Web Components, Reuse Components, UI5 Libraries;6-10;Using playwright;"""Easy UI5""-Generator, Fiori Tools (in BAS or VS Code)";Fiori Tools (in BAS or VS Code);Visual Studio Code (VS Code);;;;to Google Cloud;;;;2;;20+;ui5 community packages for typescript development;1.108 to 1.120;Other Cloud System;1;1-5;;20+;;;;11-15
2.2.2024 15:04:12;Yes;Yes;No;"Flexible Programming Model (""FPM"", containing Building Blocks/Macros (""OData v4 Smart Controls"")), UI5 Libraries";;none;"""Easy UI5""-Generator, Fiori Tools (in BAS or VS Code)";Fiori Tools (in BAS or VS Code);Visual Studio Code (VS Code);;to BTP;;;;;to BTP;4;15;;;1.108 to 1.120;BTP;3;6-10;1-5;;;;;
2.2.2024 15:04:47;Yes;Yes;Yes;"Flexible Programming Model (""FPM"", containing Building Blocks/Macros (""OData v4 Smart Controls"")), Flexibility: UI Adaptations (https://ui5.sap.com/sdk/#/topic/f1430c0337534d469da3a56307ff76af.html), OData v2 ""Smart Controls"", UI5 Libraries, none of the above, simply ""Freestyle""";6-10;Integration Tests (OPA5);copy existing app;Fiori Tools (in BAS or VS Code);Business Application Studio (BAS) in BTP, Visual Studio Code (VS Code);to an on-premise SAP System;;;;;;to Azure;20;5;25;;1.108 to 1.120;SAP On-Premise S/4;2;11-15;1-5;1-5;1-5;6-10;6-10;11-15, 16-20
2.2.2024 15:05:13;Yes;Yes;Yes;"Flexible Programming Model (""FPM"", containing Building Blocks/Macros (""OData v4 Smart Controls"")), Flexibility: UI Adaptations (https://ui5.sap.com/sdk/#/topic/f1430c0337534d469da3a56307ff76af.html), Reuse Components, UI5 Libraries";6-10;Unit Tests (QUnit), Integration Tests (OPA5), end-to-end Tests (wdi5);Fiori Tools (in BAS or VS Code);Fiori Tools (in BAS or VS Code);Business Application Studio (BAS) in BTP;to an on-premise SAP System, to a SAP System in der Cloud, to BTP;;;;;;;40;50;40;-;1.96 to 1.108;SAP On-Premise S/4, BTP;2;20+;;6-10;1-5;1-5;1-5;20+
2.2.2024 15:05:19;Yes;Yes;Yes;"OData v2 ""Smart Controls"", UI5 Libraries";1-5;no idea if and which type of test the developers execute;Fiori Tools (in BAS or VS Code);Fiori Tools (in BAS or VS Code);Visual Studio Code (VS Code), Eclipse;to an on-premise SAP System;;;;;;to an on-premise SAP System;;;;;1.96 to 1.108;SAP On-Premise S/4, SAP S/4 Private Cloud;2;1-5;;1-5;1-5;;;
2.2.2024 15:06:26;Yes;Yes;Yes;"UI5 Web Components, OData v2 ""Smart Controls"", UI5 Libraries";;none;Fiori Tools (in BAS or VS Code);Fiori Tools (in BAS or VS Code);Visual Studio Code (VS Code);;;;;;;to an on-premise SAP System;;;;;1.72 to 1.84;SAP On-Premise S/4;1;6-10;;11-15;1-5;;;6-10
2.2.2024 15:08:24;No;No;Yes;;1-5;none;;;Business Application Studio (BAS) in BTP, Visual Studio Code (VS Code), Eclipse;to an on-premise SAP System;;;;;;;;;;;;SAP On-Premise ECC, SAP On-Premise S/4;1;;;;;;;1-5
2.2.2024 15:08:58;Yes;Yes;Yes;"OData v2 ""Smart Controls"", UI5 Libraries";6-10;Unit Tests (QUnit);Fiori Tools (in BAS or VS Code), copy existing app;Fiori Tools (in BAS or VS Code);Business Application Studio (BAS) in BTP;to an on-premise SAP System, to BTP;;;;;;;;;;none;1.60 to 1.71;SAP On-Premise ECC, SAP On-Premise S/4, BTP;1;20+;11-15;11-15;1-5, 6-10, 16-20;1-5;1-5;20+
2.2.2024 15:10:41;Yes;No;Yes;UI5 Web Components, UI5 Libraries;1-5;none;"""Easy UI5""-Generator";;Business Application Studio (BAS) in BTP;;;;;;;;;;;;1.96 to 1.108;SAP On-Premise S/4;1;;;;;;;6-10
2.2.2024 15:11:18;Yes;No;Yes;"UI5 Web Components, OData v2 ""Smart Controls"", Reuse Components, UI5 Libraries";1-5;none;Fiori Tools (in BAS or VS Code);;Business Application Studio (BAS) in BTP, Visual Studio Code (VS Code);to an on-premise SAP System;;;;;;to an on-premise SAP System;150;;10;;;SAP On-Premise ECC;2;;;;;1-5;1-5;
2.2.2024 15:16:46;Yes;Yes;Yes;"OData v2 ""Smart Controls"", Reuse Components, UI5 Libraries";1-5;Unit Tests (QUnit), Custom E2E test framework;own generator based on easy-ui5 v1.x;Fiori Tools (in BAS or VS Code);Business Application Studio (BAS) in BTP, Visual Studio Code (VS Code);;;;;;;;130+;5;25;in most off the apps we don't use any third party packages;1.60 to 1.71;SAP On-Premise ECC, SAP On-Premise S/4, BTP;2;1-5;;;;1-5;;11-15
2.2.2024 15:19:31;Yes;Yes;Yes;"none of the above, simply ""Freestyle""";1-5;none;"""Easy UI5""-Generator, Fiori Tools (in BAS or VS Code)";Fiori Tools (in BAS or VS Code);Business Application Studio (BAS) in BTP, Visual Studio Code (VS Code);to an on-premise SAP System;;;;;;to an on-premise SAP System;15;3;;;1.108 to 1.120;SAP On-Premise ECC, SAP On-Premise S/4, BTP;1;1-5;1-5;1-5;1-5;1-5;1-5;1-5
2.2.2024 15:20:57;Yes;Yes;Yes;"Flexible Programming Model (""FPM"", containing Building Blocks/Macros (""OData v4 Smart Controls"")), Reuse Components, UI5 Libraries";1-5;none;Fiori Tools (in BAS or VS Code), copy existing app;Fiori Tools (in BAS or VS Code), copy existing app;Business Application Studio (BAS) in BTP, Visual Studio Code (VS Code), Eclipse;to an on-premise SAP System;;;;;;;3;10;;abap2UI5;;SAP On-Premise ECC, SAP On-Premise S/4;1;1-5;1-5;1-5;1-5;1-5;1-5;11-15
2.2.2024 15:23:11;Yes;Yes;Yes;"OData v2 ""Smart Controls"", UI5 Libraries";;none;Fiori Tools (in BAS or VS Code), copy existing app;Fiori Tools (in BAS or VS Code);Visual Studio Code (VS Code);;;;to BTP;;;to an on-premise SAP System;5;10;20;;1.60 to 1.71;SAP On-Premise ECC, SAP On-Premise S/4, BTP;2;6-10;6-10;;;;;16-20
2.2.2024 15:28:40;Yes;No;No;"none of the above, simply ""Freestyle""";;none;Fiori Tools (in BAS or VS Code), copy existing app;;Business Application Studio (BAS) in BTP, Visual Studio Code (VS Code);to an on-premise SAP System;;;;;;;;;;;1.72 to 1.84;SAP On-Premise ECC, BTP;1;;;;;;;
2.2.2024 15:39:09;Yes;Yes;No;UI5 Libraries;;none;Fiori Tools (in BAS or VS Code);Fiori Tools (in BAS or VS Code);Business Application Studio (BAS) in BTP, Visual Studio Code (VS Code);to BTP;;to BTP;;;;to BTP;4;4;;;1.108 to 1.120;BTP;4;1-5;1-5;;;;;
2.2.2024 15:45:47;Yes;No;No;"OData v2 ""Smart Controls"", Reuse Components, UI5 Libraries";;none;"""Easy UI5""-Generator, Fiori Tools (in BAS or VS Code)";Fiori Tools (in BAS or VS Code);Business Application Studio (BAS) in BTP, Webide;to an on-premise SAP System, to a SAP System in der Cloud;;;;;;;;;;;1.72 to 1.84;SAP On-Premise ECC, SAP On-Premise S/4, SAP S/4 Private Cloud;2;;;;;;;
2.2.2024 15:56:41;Yes;Yes;Yes;"OData v2 ""Smart Controls"", Reuse Components, UI5 Libraries";20+;none;Fiori Tools (in BAS or VS Code);Fiori Tools (in BAS or VS Code);Business Application Studio (BAS) in BTP, Visual Studio Code (VS Code);to BTP;;;;;;;4;Over 20;;None;1.108 to 1.120;SAP On-Premise S/4;2;1-5;11-15;1-5;1-5;1-5;1-5;20+
2.2.2024 15:57:47;Yes;Yes;Yes;"Flexible Programming Model (""FPM"", containing Building Blocks/Macros (""OData v4 Smart Controls"")), Flexibility: UI Adaptations (https://ui5.sap.com/sdk/#/topic/f1430c0337534d469da3a56307ff76af.html), OData v2 ""Smart Controls"", UI5 Libraries";20+;none;Fiori Tools (in BAS or VS Code);Fiori Tools (in BAS or VS Code);Business Application Studio (BAS) in BTP, Eclipse;to an on-premise SAP System, to BTP;;;to BTP;;;;30;40;70;;1.108 to 1.120;SAP On-Premise ECC, SAP On-Premise S/4, SAP S/4 Public Cloud, BTP;2;1-5;;20+;;1-5;1-5;20+
2.2.2024 16:10:54;No;No;Yes;;1-5;none;;;;;;;;;;to an on-premise SAP System;;;;;;SAP On-Premise S/4;1;;;;;;;11-15
2.2.2024 16:24:56;Yes;No;Yes;UI5 Libraries;11-15;none;Fiori Tools (in BAS or VS Code);;Business Application Studio (BAS) in BTP;to BTP;;;;;;;2;;;;1.96 to 1.108;BTP;1;;;;;;;
2.2.2024 16:53:19;Yes;Yes;No;"none of the above, simply ""Freestyle""";;Unit Tests (QUnit);Fiori Tools (in BAS or VS Code), copy existing app;Fiori Tools (in BAS or VS Code), copy existing app;Business Application Studio (BAS) in BTP, Visual Studio Code (VS Code);to BTP;to BTP;to BTP;;;;to BTP;15;4;;;1.96 to 1.108;SAP On-Premise S/4, BTP;3;;1-5;;;;;
2.2.2024 17:22:32;Yes;Yes;Yes;"OData v2 ""Smart Controls"", UI5 Libraries";;none;Fiori Tools (in BAS or VS Code);Fiori Tools (in BAS or VS Code);Business Application Studio (BAS) in BTP, Visual Studio Code (VS Code), Eclipse;to an on-premise SAP System;;to an on-premise SAP System;to an on-premise SAP System;;;;10+;;10+;;1.96 to 1.108;SAP On-Premise S/4;3;1-5;;;1-5;;1-5;
2.2.2024 17:29:13;Yes;No;No;"OData v2 ""Smart Controls"", UI5 Libraries";;none;Fiori Tools (in BAS or VS Code);Fiori Tools (in BAS or VS Code);Visual Studio Code (VS Code);;;;;;;to an on-premise SAP System;2;;;;1.108 to 1.120;SAP On-Premise S/4;2;;;;;;;
2.2.2024 17:41:26;Yes;No;No;"Flexibility: UI Adaptations (https://ui5.sap.com/sdk/#/topic/f1430c0337534d469da3a56307ff76af.html), OData v2 ""Smart Controls"", Reuse Components, UI5 Libraries";;Unit Tests (QUnit);Fiori Tools (in BAS or VS Code);;Business Application Studio (BAS) in BTP, Visual Studio Code (VS Code);to an on-premise SAP System, to BTP;to BTP;;;;;;;;;;1.108 to 1.120;SAP On-Premise ECC, BTP;0;;;;;;;
2.2.2024 17:45:15;Yes;Yes;Yes;"Flexible Programming Model (""FPM"", containing Building Blocks/Macros (""OData v4 Smart Controls"")), OData v2 ""Smart Controls"", Reuse Components, UI5 Libraries";6-10;none;Fiori Tools (in BAS or VS Code), copy existing app;Fiori Tools (in BAS or VS Code);Business Application Studio (BAS) in BTP, Visual Studio Code (VS Code);to an on-premise SAP System, to a SAP System in der Cloud;;;;;;to an on-premise SAP System, to a SAP System in der Cloud;25;15;55;;2.x;SAP On-Premise S/4, BTP;4;1-5;1-5;6-10;6-10;;;20+
2.2.2024 17:50:24;Yes;Yes;No;"OData v2 ""Smart Controls"", UI5 Libraries";;none;"""Easy UI5""-Generator";Fiori Tools (in BAS or VS Code);Business Application Studio (BAS) in BTP, Visual Studio Code (VS Code);to an on-premise SAP System, to BTP;;;;;;;3;;;;1.96 to 1.108;SAP On-Premise S/4, BTP;2;;6-10;;;;;
2.2.2024 17:55:57;Yes;No;No;"none of the above, simply ""Freestyle""";;Unit Tests (QUnit);"""Easy UI5""-Generator, Fiori Tools (in BAS or VS Code)";;Business Application Studio (BAS) in BTP, Visual Studio Code (VS Code);to an on-premise SAP System;;;;;;to an on-premise SAP System;2;;;;1.60 to 1.71;SAP On-Premise ECC, SAP On-Premise S/4;1;;;;;;;
2.2.2024 18:00:45;Yes;Yes;Yes;"OData v2 ""Smart Controls"", UI5 Libraries";;Playwright;Fiori Tools (in BAS or VS Code);Fiori Tools (in BAS or VS Code);Visual Studio Code (VS Code);;;;;;;to an on-premise SAP System;2;;;;1.72 to 1.84;SAP On-Premise ECC, SAP On-Premise S/4;1;1-5;1-5;;;;;16-20
2.2.2024 18:41:30;Yes;Yes;Yes;"none of the above, simply ""Freestyle""";;;;;Business Application Studio (BAS) in BTP;to an on-premise SAP System;to an on-premise SAP System;;;;;;10;;;;;;1;1-5;1-5;1-5;;;;
2.2.2024 19:41:22;No;No;No;;;none;are not used;are not used;We don't develop II5 based apps;to an on-premise SAP System;;;;;;;;;;;;SAP On-Premise S/4;0;;;;;;;
2.2.2024 20:30:03;Yes;No;No;Reuse Components, UI5 Libraries;;none;you built your own generator;;Visual Studio Code (VS Code);;;to an on-premise SAP System;;;;;>30;;;;1.108 to 1.120;SAP On-Premise ECC;2;;;;;;;
2.2.2024 21:35:35;Yes;Yes;Yes;"Flexible Programming Model (""FPM"", containing Building Blocks/Macros (""OData v4 Smart Controls"")), Flexibility: UI Adaptations (https://ui5.sap.com/sdk/#/topic/f1430c0337534d469da3a56307ff76af.html), OData v2 ""Smart Controls"", Reuse Components, UI5 Libraries";20+;none;Fiori Tools (in BAS or VS Code), copy existing app;Fiori Tools (in BAS or VS Code), copy existing app;Business Application Studio (BAS) in BTP;to an on-premise SAP System, to a SAP System in der Cloud, to BTP;to BTP;to an on-premise SAP System, to BTP;to an on-premise SAP System, to BTP;;;;15;7;999;;1.108 to 1.120;SAP On-Premise ECC, SAP On-Premise S/4, BTP, Hybrid;3;6-10;1-5;20+;20+;20+;20+;20+
2.2.2024 22:23:08;Yes;Yes;Yes;UI5 Web Components, Reuse Components, UI5 Libraries;1-5;Unit Tests (QUnit), Integration Tests (OPA5);"""Easy UI5""-Generator, Fiori Tools (in BAS or VS Code), copy existing app";Fiori Tools (in BAS or VS Code);Visual Studio Code (VS Code);;;;;;;to an on-premise SAP System;;10;20;;1.85 to 1.96;SAP On-Premise ECC, SAP On-Premise S/4;3;6-10;1-5;20+;1-5;1-5;1-5;1-5
2.2.2024 23:56:28;Yes;Yes;No;"none of the above, simply ""Freestyle""";;none;"""Easy UI5""-Generator, Fiori Tools (in BAS or VS Code), copy existing app";Fiori Tools (in BAS or VS Code);Visual Studio Code (VS Code);to an on-premise SAP System, to a SAP System in der Cloud;;;;;;to an on-premise SAP System;10;;;D3.js;1.96 to 1.108;SAP On-Premise ECC, SAP On-Premise S/4;4;6-10;1-5;11-15;1-5;;;
2.3.2024 3:36:05;No;Yes;Yes;;11-15;none;you built your own generator;copy existing app;Eclipse;;;;;;;to an on-premise SAP System;;;100;;;SAP On-Premise S/4;4;1-5;1-5;6-10;6-10;1-5;1-5;11-15
2.3.2024 5:49:37;No;No;Yes;;1-5;none;Fiori Tools (in BAS or VS Code);Fiori Tools (in BAS or VS Code);Business Application Studio (BAS) in BTP, JetBrains software;to an on-premise SAP System, to BTP;;;;;;;;;;;1.96 to 1.108;SAP On-Premise ECC, SAP On-Premise S/4, BTP;3;;;;;6-10;6-10;1-5
2.3.2024 13:16:17;Yes;No;Yes;UI5 Web Components, UI5 Libraries;1-5;none;Fiori Tools (in BAS or VS Code);;Visual Studio Code (VS Code), Eclipse;;;;;;;to an on-premise SAP System;1;;5;;;SAP On-Premise ECC;1;;;;;1-5;;
2.3.2024 14:47:07;No;Yes;Yes;;;Karma;Fiori Tools (in BAS or VS Code);Fiori Tools (in BAS or VS Code);Business Application Studio (BAS) in BTP, Visual Studio Code (VS Code);;to BTP;;;;;;;;;cds launchpad plugin;1.108 to 1.120;SAP On-Premise S/4, BTP;3;11-15;11-15;11-15;1-5;;;20+
2.3.2024 18:00:26;Yes;Yes;Yes;"UI5 Libraries, none of the above, simply ""Freestyle""";;end-to-end Tests (wdi5);"""Easy UI5""-Generator";Fiori Tools (in BAS or VS Code);Visual Studio Code (VS Code);;;to an on-premise SAP System;;;;to an on-premise SAP System;;;;;1.60 to 1.71;SAP On-Premise ECC, BTP;1;1-5;;;;;;
2.3.2024 20:59:02;Yes;No;Yes;Reuse Components, UI5 Libraries, Custom Control Library ;;none;"""Easy UI5""-Generator";;Visual Studio Code (VS Code);;;;to an on-premise SAP System, to a SAP System in der Cloud, to BTP;to an on-premise SAP System, to a SAP System in der Cloud, to BTP;;;10+;;5+;;1.96 to 1.108;SAP On-Premise ECC, SAP S/4 Private Cloud, BTP;;;;;;1-5;;1-5
2.4.2024 12:35:12;Yes;No;No;"OData v2 ""Smart Controls"", UI5 Libraries";;none;"""Easy UI5""-Generator, Fiori Tools (in BAS or VS Code), copy existing app";Fiori Tools (in BAS or VS Code);Visual Studio Code (VS Code);;;;to an on-premise SAP System;;;to an on-premise SAP System;3;;;;1.72 to 1.84;SAP On-Premise ECC;0;;;;;;;
2.4.2024 19:09:55;Yes;No;No;Reuse Components, UI5 Libraries;;end-to-end Tests (wdi5);copy existing app;copy existing app;Visual Studio Code (VS Code);;;;;;;to AWS;3;;;;1.108 to 1.120;SAP On-Premise S/4, Other Cloud System;4;;;;;;;
2.4.2024 23:25:55;Yes;No;No;"UI5 Web Components, Flexible Programming Model (""FPM"", containing Building Blocks/Macros (""OData v4 Smart Controls"")), OData v2 ""Smart Controls"", UI5 Libraries";;Unit Tests (QUnit);"""Easy UI5""-Generator, Fiori Tools (in BAS or VS Code), copy existing app";Fiori Tools (in BAS or VS Code);Business Application Studio (BAS) in BTP;to BTP;;to Azure;;;;;;;;;1.72 to 1.84;SAP S/4 Public Cloud;4;;;;;;;
2.4.2024 23:35:43;Yes;Yes;Yes;"Flexible Programming Model (""FPM"", containing Building Blocks/Macros (""OData v4 Smart Controls"")), OData v2 ""Smart Controls"", Reuse Components, UI5 Libraries, Third Party libraries like d3.js";16-20;none;copy existing app, Internal template apps/skeletons;Fiori Tools (in BAS or VS Code);Visual Studio Code (VS Code), Eclipse, webIDE;to an on-premise SAP System;;;;;;to an on-premise SAP System;20;;;;1.96 to 1.108;SAP On-Premise ECC, SAP On-Premise S/4;1;20+;11-15;16-20;1-5;6-10;6-10;11-15
2.5.2024 6:57:28;Yes;No;No;"OData v2 ""Smart Controls"", UI5 Libraries";;none;;;Visual Studio Code (VS Code);;;;;;;;;;;;;SAP On-Premise S/4;;;;;;;;
2.5.2024 7:14:40;Yes;Yes;Yes;"Flexibility: UI Adaptations (https://ui5.sap.com/sdk/#/topic/f1430c0337534d469da3a56307ff76af.html), OData v2 ""Smart Controls""";;none;Fiori Tools (in BAS or VS Code);Fiori Tools (in BAS or VS Code);Business Application Studio (BAS) in BTP, Visual Studio Code (VS Code);to an on-premise SAP System;;;;;;;No idea, 5+;;;;1.72 to 1.84;SAP On-Premise S/4;2;1-5;;;1-5;;;11-15
2.5.2024 7:18:08;Yes;No;Yes;Reuse Components, UI5 Libraries;;none;Fiori Tools (in BAS or VS Code);We don't;Business Application Studio (BAS) in BTP;to an on-premise SAP System;;;;;;;30;;;None;1.108 to 1.120;SAP On-Premise ECC;1;;;;;;1-5;
2.5.2024 7:29:35;Yes;Yes;No;"OData v2 ""Smart Controls"", UI5 Libraries";;none;Fiori Tools (in BAS or VS Code);Fiori Tools (in BAS or VS Code);Visual Studio Code (VS Code), Eclipse;;;;;;;to an on-premise SAP System;;;;;1.85 to 1.96;SAP On-Premise ECC, SAP On-Premise S/4;1;6-10;;;;;;
2.5.2024 7:34:39;No;Yes;Yes;;;none;Fiori Tools (in BAS or VS Code);Fiori Tools (in BAS or VS Code);Eclipse, WEBIDE;to an on-premise SAP System;;;;;;;;;;;1.60 to 1.71;SAP S/4 Private Cloud, BTP;2;11-15;;20+;1-5;;;20+
2.5.2024 7:43:31;Yes;Yes;Yes;"OData v2 ""Smart Controls"", Reuse Components, UI5 Libraries";;none;Fiori Tools (in BAS or VS Code);Fiori Tools (in BAS or VS Code);Business Application Studio (BAS) in BTP, Visual Studio Code (VS Code);to an on-premise SAP System;;;;;;to BTP;;;;;1.72 to 1.84;SAP On-Premise ECC, SAP On-Premise S/4, SAP S/4 Public Cloud;3;11-15;11-15;;;;6-10;
2.5.2024 7:44:03;No;Yes;Yes;;1-5;none;;;Eclipse;;;;;;;to an on-premise SAP System;;;;;1.72 to 1.84;SAP On-Premise S/4;1;;;6-10;;;;6-10
2.5.2024 8:09:02;Yes;No;Yes;UI5 Libraries;;none;Fiori Tools (in BAS or VS Code);;Business Application Studio (BAS) in BTP;to an on-premise SAP System;;;;;;;;;;;1.108 to 1.120;SAP On-Premise ECC;1;;;;;;1-5;
2.5.2024 8:09:59;Yes;No;Yes;"OData v2 ""Smart Controls"", Reuse Components, UI5 Libraries";6-10;none;expressui5 with custom template;;Visual Studio Code (VS Code);;;;;;;to an on-premise SAP System;20;;10;;1.60 to 1.71;SAP On-Premise ECC;2;;;;;6-10;6-10;1-5
2.5.2024 8:17:06;Yes;Yes;Yes;"Flexible Programming Model (""FPM"", containing Building Blocks/Macros (""OData v4 Smart Controls"")), OData v2 ""Smart Controls"", Reuse Components";20+;none;Fiori Tools (in BAS or VS Code);Fiori Tools (in BAS or VS Code);Business Application Studio (BAS) in BTP;to an on-premise SAP System, to BTP;;;;;;;;;;;1.108 to 1.120;SAP On-Premise S/4, BTP;3;11-15;16-20;20+;20+;11-15;11-15;20+
2.5.2024 8:33:53;No;No;No;;;none;;;;;;;;;;;;;;;;;;;;;;;;
2.5.2024 8:38:56;Yes;Yes;Yes;"OData v2 ""Smart Controls"", UI5 Libraries";;none;copy existing app;Fiori Tools (in BAS or VS Code);Business Application Studio (BAS) in BTP, Eclipse;to an on-premise SAP System;;;;;;;4;3;10;;1.96 to 1.108;SAP On-Premise S/4;1;1-5;1-5;1-5;6-10;1-5;;6-10
2.5.2024 8:55:38;Yes;Yes;Yes;UI5 Web Components, UI5 Libraries;;;Fiori Tools (in BAS or VS Code);Fiori Tools (in BAS or VS Code);Business Application Studio (BAS) in BTP, Visual Studio Code (VS Code);;;;;;;;10;;;;;SAP On-Premise ECC, SAP On-Premise S/4, SAP S/4 Private Cloud, BTP;;;;;;;;
2.5.2024 9:23:15;Yes;Yes;Yes;"OData v2 ""Smart Controls"", Reuse Components, UI5 Libraries, none of the above, simply ""Freestyle""";1-5;none;Fiori Tools (in BAS or VS Code);Fiori Tools (in BAS or VS Code);Business Application Studio (BAS) in BTP, Visual Studio Code (VS Code);to an on-premise SAP System;;;;;;to an on-premise SAP System;100;5;5;;1.72 to 1.84;SAP On-Premise ECC, SAP On-Premise S/4, BTP;2;1-5;1-5;1-5;;1-5;1-5;
2.5.2024 9:29:41;Yes;No;Yes;"UI5 Libraries, none of the above, simply ""Freestyle""";1-5;none;Fiori Tools (in BAS or VS Code);Fiori Tools (in BAS or VS Code);Business Application Studio (BAS) in BTP, Visual Studio Code (VS Code), Eclipse;to an on-premise SAP System;;;;;;;3;;;None;1.72 to 1.84;SAP On-Premise S/4;2;;;;;;;1-5
2.5.2024 9:37:28;Yes;No;Yes;UI5 Libraries;;none;Fiori Tools (in BAS or VS Code);Fiori Tools (in BAS or VS Code);Business Application Studio (BAS) in BTP, Visual Studio Code (VS Code);;;;to BTP;;;to BTP;4;;9;;1.108 to 1.120;SAP On-Premise S/4, BTP;1;;;;;;;6-10
2.5.2024 9:40:34;Yes;No;Yes;"OData v2 ""Smart Controls"", Reuse Components, UI5 Libraries";1-5;none;"""Easy UI5""-Generator, Fiori Tools (in BAS or VS Code), copy existing app";Fiori Tools (in BAS or VS Code), you built your own generator, copy existing app;Visual Studio Code (VS Code);;;;;;;to an on-premise SAP System;;;;none;1.96 to 1.108;SAP On-Premise ECC, BTP, Other On-Premise System;2;;;;;1-5;1-5;1-5
2.5.2024 9:58:16;Yes;Yes;No;"OData v2 ""Smart Controls"", UI5 Libraries";;suxxesso test suite;"""Easy UI5""-Generator";Fiori Tools (in BAS or VS Code);Visual Studio Code (VS Code);;;;;;;to an on-premise SAP System;5;5;;;1.60 to 1.71;SAP On-Premise ECC, SAP On-Premise S/4;4;1-5;;;1-5;;;
2.5.2024 10:47:55;Yes;No;No;UI5 Libraries;;none;copy existing app;;JetBrains software, Eclipse;;;to BTP, to AWS;;;to BTP, to AWS;to BTP, to AWS;2;;;;1.108 to 1.120;BTP, Hybrid, Other Cloud System;4;;;;;;;
2.5.2024 11:38:25;Yes;No;Yes;"none of the above, simply ""Freestyle""";;Own test scenarios;copy existing app;;SAP Web IDE;;;;;;;;;;;PDFJS-Library;1.60 to 1.71;SAP On-Premise ECC;4;;;;;11-15;;
2.5.2024 12:09:24;Yes;Yes;Yes;Flexibility: UI Adaptations (https://ui5.sap.com/sdk/#/topic/f1430c0337534d469da3a56307ff76af.html), Reuse Components, UI5 Libraries;1-5;Unit Tests (QUnit);"""Easy UI5""-Generator, Fiori Tools (in BAS or VS Code)";Fiori Tools (in BAS or VS Code);Business Application Studio (BAS) in BTP, Visual Studio Code (VS Code);to an on-premise SAP System, to BTP;to BTP;;to BTP;;;;15;5;10;;1.60 to 1.71;SAP On-Premise ECC, BTP;1;1-5;;;;1-5;1-5;6-10
2.5.2024 12:20:10;Yes;Yes;Yes;"OData v2 ""Smart Controls"", Reuse Components, UI5 Libraries, Freestyle too";16-20;Unit Tests (QUnit);"""Easy UI5""-Generator, Fiori Tools (in BAS or VS Code)";Fiori Tools (in BAS or VS Code);Business Application Studio (BAS) in BTP, Visual Studio Code (VS Code);to an on-premise SAP System, to BTP;;to an on-premise SAP System;;;;to an on-premise SAP System;>30;>10;;;1.60 to 1.71;SAP On-Premise ECC, SAP On-Premise S/4, BTP;2;1-5;1-5;;;1-5;1-5;16-20
2.5.2024 12:31:11;Yes;No;No;"none of the above, simply ""Freestyle""";;end-to-end Tests (wdi5);"""Easy UI5""-Generator";;Visual Studio Code (VS Code);;;;;;;;;;;;1.108 to 1.120;Other On-Premise System;4;;;;;;;
2.5.2024 12:47:57;Yes;No;No;UI5 Libraries;;Unit Tests (QUnit);"""Easy UI5""-Generator, Fiori Tools (in BAS or VS Code), copy existing app";copy existing app;Visual Studio Code (VS Code);;;;to BTP;;;;;;;;1.108 to 1.120;BTP;0;;;;;;;
2.5.2024 12:48:00;Yes;Yes;Yes;"Flexible Programming Model (""FPM"", containing Building Blocks/Macros (""OData v4 Smart Controls"")), Flexibility: UI Adaptations (https://ui5.sap.com/sdk/#/topic/f1430c0337534d469da3a56307ff76af.html), OData v2 ""Smart Controls"", UI5 Libraries";1-5;Unit Tests (QUnit);Fiori Tools (in BAS or VS Code), copy existing app;Fiori Tools (in BAS or VS Code), copy existing app;Business Application Studio (BAS) in BTP, Visual Studio Code (VS Code);to an on-premise SAP System, to a SAP System in der Cloud, to BTP;;;;;;;;;;;1.72 to 1.84;SAP On-Premise ECC, SAP On-Premise S/4, BTP;2;1-5;1-5;6-10;6-10;6-10;1-5;1-5
2.5.2024 13:20:07;Yes;No;Yes;"OData v2 ""Smart Controls"", UI5 Libraries, none of the above, simply ""Freestyle""";20+;none;Fiori Tools (in BAS or VS Code), copy existing app;Fiori Tools (in BAS or VS Code);Business Application Studio (BAS) in BTP, Visual Studio Code (VS Code), JetBrains software;to an on-premise SAP System, to a SAP System in der Cloud, to BTP;;;;;;to an on-premise SAP System;15;;;;1.108 to 1.120;SAP On-Premise ECC, SAP On-Premise S/4, BTP;3;;;;;1-5;1-5;20+
2.5.2024 13:20:30;Yes;Yes;Yes;"OData v2 ""Smart Controls"", UI5 Libraries, d3 Library";;Unit Tests (QUnit);you built your own generator;you built your own generator;Visual Studio Code (VS Code);;;to an on-premise SAP System;;;;to an on-premise SAP System;6;13;1;;1.96 to 1.108;SAP On-Premise ECC;4;11-15;;;1-5;1-5;;
2.5.2024 13:37:47;Yes;Yes;Yes;"Flexible Programming Model (""FPM"", containing Building Blocks/Macros (""OData v4 Smart Controls"")), UI5 Libraries";;end-to-end Tests (wdi5);"""Easy UI5""-Generator";Fiori Tools (in BAS or VS Code);Business Application Studio (BAS) in BTP, Visual Studio Code (VS Code);;;;to an on-premise SAP System, to a SAP System in der Cloud, to BTP;;;;;;;;1.108 to 1.120;BTP;1;;;;;;;
2.5.2024 14:31:19;Yes;No;Yes;"UI5 Web Components, OData v2 ""Smart Controls"", UI5 Libraries";1-5;Unit Tests (QUnit);Fiori Tools (in BAS or VS Code), copy existing app;;Visual Studio Code (VS Code), Eclipse;;to BTP;;;;;to BTP;3;;;;;SAP On-Premise S/4, SAP S/4 Private Cloud, BTP, Hybrid;;;;;;;1-5;
2.5.2024 14:40:50;Yes;Yes;No;"Flexible Programming Model (""FPM"", containing Building Blocks/Macros (""OData v4 Smart Controls"")), Flexibility: UI Adaptations (https://ui5.sap.com/sdk/#/topic/f1430c0337534d469da3a56307ff76af.html), OData v2 ""Smart Controls"", UI5 Libraries";;none;Fiori Tools (in BAS or VS Code);Fiori Tools (in BAS or VS Code);Business Application Studio (BAS) in BTP, Visual Studio Code (VS Code);to an on-premise SAP System;;;;;;;15;;;;1.108 to 1.120;SAP On-Premise ECC;1;11-15;11-15;;;;;
2.5.2024 15:05:53;Yes;No;Yes;"OData v2 ""Smart Controls"", UI5 Libraries";;none;Fiori Tools (in BAS or VS Code);Fiori Tools (in BAS or VS Code);Business Application Studio (BAS) in BTP, Visual Studio Code (VS Code);to an on-premise SAP System, to a SAP System in der Cloud;;;;;;to an on-premise SAP System;7;;10+;Sap UI5 vs code extension for code assist;1.60 to 1.71;SAP On-Premise ECC, SAP On-Premise S/4, BTP;3;;;;;;11-15;1-5
2.5.2024 15:49:54;No;Yes;Yes;;1-5;none;copy existing app;copy existing app;;;;;;;;;;;;;;SAP On-Premise ECC, BTP;1;;;6-10;;;;
2.5.2024 18:21:48;Yes;Yes;Yes;"Flexibility: UI Adaptations (https://ui5.sap.com/sdk/#/topic/f1430c0337534d469da3a56307ff76af.html), OData v2 ""Smart Controls"", none of the above, simply ""Freestyle""";6-10;none;Fiori Tools (in BAS or VS Code);Fiori Tools (in BAS or VS Code);Visual Studio Code (VS Code);;;;to BTP;;;;;2;25;;2.x;SAP On-Premise S/4, BTP;1;1-5;6-10;;;6-10;6-10;11-15
2.5.2024 18:40:30;Yes;Yes;Yes;"Flexible Programming Model (""FPM"", containing Building Blocks/Macros (""OData v4 Smart Controls"")), Flexibility: UI Adaptations (https://ui5.sap.com/sdk/#/topic/f1430c0337534d469da3a56307ff76af.html), OData v2 ""Smart Controls"", Reuse Components, UI5 Libraries";20+;Unit Tests (QUnit), Integration Tests (OPA5), Tosca;"""Easy UI5""-Generator, Fiori Tools (in BAS or VS Code)";Fiori Tools (in BAS or VS Code);Business Application Studio (BAS) in BTP, Visual Studio Code (VS Code), Eclipse;;;;;;;;1000;;200;;1.96 to 1.108;BTP, Hybrid;3;6-10;6-10;6-10;6-10;20+;20+;20+
2.5.2024 18:43:03;Yes;Yes;Yes;"Flexible Programming Model (""FPM"", containing Building Blocks/Macros (""OData v4 Smart Controls"")), OData v2 ""Smart Controls"", Reuse Components, UI5 Libraries";16-20;none;Fiori Tools (in BAS or VS Code);Fiori Tools (in BAS or VS Code);Business Application Studio (BAS) in BTP;to an on-premise SAP System, to BTP;to BTP;to BTP;;;;;20;15;300;;1.96 to 1.108;SAP On-Premise S/4, BTP;2;11-15;6-10;11-15;11-15;16-20;20+;20+
2.6.2024 7:49:33;Yes;Yes;Yes;"Flexible Programming Model (""FPM"", containing Building Blocks/Macros (""OData v4 Smart Controls"")), OData v2 ""Smart Controls"", UI5 Libraries";1-5;Unit Tests (QUnit), Integration Tests (OPA5);"""Easy UI5""-Generator, copy existing app";Fiori Tools (in BAS or VS Code);Visual Studio Code (VS Code);;;;;;;to Azure;40;5;50;;1.96 to 1.108;SAP On-Premise ECC, SAP On-Premise S/4, BTP;2;1-5;1-5;;;1-5;1-5;20+
2.6.2024 8:45:17;Yes;No;No;UI5 Libraries;;Using them partially as of now. Explore wdi5 along with other generic frameworks (cypress, selenium) for integration tests across technologies - React, UI5 ;you built your own generator, copy existing app;Fiori Tools (in BAS or VS Code);Visual Studio Code (VS Code);;;to an on-premise SAP System, to BTP, to AWS;;;;;8;;;;1.96 to 1.108;SAP On-Premise ECC, BTP, Hybrid, Other Cloud System;4;;;;;;;
2.6.2024 11:04:10;No;No;Yes;;1-5;none;;;;;;;;;;;;;10-15;none;;SAP S/4 Private Cloud;3;;;;;;;1-5
2.6.2024 11:34:19;Yes;No;No;"UI5 Web Components, OData v2 ""Smart Controls"", UI5 Libraries";;Jest;you built your own generator;Fiori Tools (in BAS or VS Code);Business Application Studio (BAS) in BTP, Visual Studio Code (VS Code);;;to BTP;;;;;3;;;mobx;1.108 to 1.120;BTP;0;;;;;;;
2.6.2024 23:05:44;Yes;No;No;"OData v2 ""Smart Controls"", Reuse Components, UI5 Libraries";;none;"""Easy UI5""-Generator, Fiori Tools (in BAS or VS Code), copy existing app";;Visual Studio Code (VS Code);;;;;;;to an on-premise SAP System;;;;;1.72 to 1.84;SAP On-Premise ECC, Own Webserver (nodes);1;;;;;;;
2.6.2024 23:10:19;Yes;Yes;Yes;"OData v2 ""Smart Controls"", none of the above, simply ""Freestyle""";;none;Fiori Tools (in BAS or VS Code);Fiori Tools (in BAS or VS Code);Visual Studio Code (VS Code), Eclipse;;;;;;;to an on-premise SAP System;40;;;quagga js barcode scanner for lower ui5 versions;1.85 to 1.96;SAP On-Premise S/4;4;;;1-5;;;;1-5
2.7.2024 9:29:47;No;No;No;;;none;Fiori Tools (in BAS or VS Code);Fiori Tools (in BAS or VS Code);Visual Studio Code (VS Code);;;;;;;to an on-premise SAP System;;;;Visual Studio Code;1.108 to 1.120;SAP On-Premise S/4, Other On-Premise System;0;;;;;;;
2.7.2024 11:10:11;Yes;Yes;Yes;UI5 Web Components, UI5 Libraries;1-5;none;Fiori Tools (in BAS or VS Code);Fiori Tools (in BAS or VS Code);Business Application Studio (BAS) in BTP;to an on-premise SAP System, to BTP;;;;;;;5;10;20;;;SAP On-Premise S/4, BTP;3;1-5;1-5;1-5;1-5;1-5;1-5;6-10
2.7.2024 11:11:05;Yes;No;Yes;"OData v2 ""Smart Controls"", UI5 Libraries";1-5;none;Fiori Tools (in BAS or VS Code);Fiori Tools (in BAS or VS Code);Business Application Studio (BAS) in BTP;to an on-premise SAP System;;;;;;;;;;;;SAP On-Premise S/4;1;;;;;1-5;1-5;1-5
2.7.2024 11:11:11;Yes;Yes;Yes;"UI5 Web Components, OData v2 ""Smart Controls"", Reuse Components, UI5 Libraries";6-10;none;Fiori Tools (in BAS or VS Code);Fiori Tools (in BAS or VS Code);Visual Studio Code (VS Code), Eclipse;;;;to an on-premise SAP System;;;to an on-premise SAP System;;1;;VSC and Gitlab;1.96 to 1.108;SAP On-Premise S/4, Hybrid;1;1-5;;;;6-10;6-10;11-15
2.7.2024 11:11:21;Yes;No;No;"OData v2 ""Smart Controls"", UI5 Libraries";;none;copy existing app;copy existing app;Business Application Studio (BAS) in BTP, Visual Studio Code (VS Code);to an on-premise SAP System;;;to an on-premise SAP System;;;;;;;;1.72 to 1.84;SAP On-Premise ECC;2;;;;;;;
2.7.2024 11:11:32;Yes;Yes;No;"Flexibility: UI Adaptations (https://ui5.sap.com/sdk/#/topic/f1430c0337534d469da3a56307ff76af.html), OData v2 ""Smart Controls"", UI5 Libraries";;Unit Tests (QUnit), end-to-end Tests (wdi5);"""Easy UI5""-Generator, Fiori Tools (in BAS or VS Code)";Fiori Tools (in BAS or VS Code);Visual Studio Code (VS Code);;;;;;;to an on-premise SAP System;;3;;Ui5-deployer;1.72 to 1.84;SAP On-Premise ECC;1;1-5;1-5;1-5;1-5;;;
2.7.2024 11:11:48;Yes;No;Yes;"OData v2 ""Smart Controls"", UI5 Libraries";;none;Fiori Tools (in BAS or VS Code);Fiori Tools (in BAS or VS Code);Visual Studio Code (VS Code);;;;;;;to an on-premise SAP System;;;;;1.72 to 1.84;SAP On-Premise S/4;4;;;;;;;
2.7.2024 11:11:57;Yes;No;No;UI5 Web Components, Reuse Components, UI5 Libraries;;none;you built your own generator;;Business Application Studio (BAS) in BTP, Eclipse;to BTP;;;;;;to an on-premise SAP System;5;;;;;SAP On-Premise S/4, BTP;;;;;;;;
2.7.2024 11:16:40;Yes;Yes;No;"OData v2 ""Smart Controls"", Reuse Components, UI5 Libraries";;Unit Tests (QUnit);"""Easy UI5""-Generator, Fiori Tools (in BAS or VS Code), copy existing app";Fiori Tools (in BAS or VS Code);Business Application Studio (BAS) in BTP, Eclipse, WebIDE;to an on-premise SAP System;;;;;;;X;X;;;1.108 to 1.120;SAP On-Premise S/4, BTP;1;11-15;6-10;20+;6-10;;;
2.7.2024 11:35:15;Yes;No;No;"UI5 Web Components, OData v2 ""Smart Controls"", UI5 Libraries";;none;;;Visual Studio Code (VS Code), Eclipse;;;;;;;to an on-premise SAP System;2;;;Eclipse;1.60 to 1.71;Other On-Premise System;1;;;;;;;
2.7.2024 11:41:07;Yes;No;Yes;"UI5 Web Components, OData v2 ""Smart Controls"", UI5 Libraries";20+;none;Fiori Tools (in BAS or VS Code);Fiori Tools (in BAS or VS Code);Visual Studio Code (VS Code);;;to an on-premise SAP System;to an on-premise SAP System;;;to an on-premise SAP System;;;;;1.72 to 1.84;SAP On-Premise ECC, SAP On-Premise S/4;1;;;;;16-20;11-15;16-20
2.7.2024 11:47:01;Yes;Yes;No;"OData v2 ""Smart Controls"", Reuse Components, UI5 Libraries";;none;Fiori Tools (in BAS or VS Code), copy existing app;Fiori Tools (in BAS or VS Code), copy existing app;Visual Studio Code (VS Code), Eclipse;;;;;;to an on-premise SAP System;;3;1;;;;SAP On-Premise ECC, SAP On-Premise S/4;2;1-5;1-5;;;;;
2.7.2024 12:08:19;Yes;Yes;Yes;"Flexible Programming Model (""FPM"", containing Building Blocks/Macros (""OData v4 Smart Controls""))";6-10;none;Fiori Tools (in BAS or VS Code);Fiori Tools (in BAS or VS Code);Visual Studio Code (VS Code);to an on-premise SAP System, to a SAP System in der Cloud, to BTP;;;;;;to an on-premise SAP System, to a SAP System in der Cloud, to BTP;5;25;many;;1.108 to 1.120;SAP On-Premise S/4, SAP S/4 Public Cloud, SAP S/4 Private Cloud, BTP;3;11-15;6-10;;6-10;6-10;6-10;20+
2.7.2024 12:34:23;Yes;No;Yes;"OData v2 ""Smart Controls"", UI5 Libraries, none of the above, simply ""Freestyle""";6-10;end-to-end Tests (wdi5);Fiori Tools (in BAS or VS Code);Fiori Tools (in BAS or VS Code);Business Application Studio (BAS) in BTP, Visual Studio Code (VS Code);to BTP;to BTP;to BTP;;;;;More than 15;;;;1.108 to 1.120;BTP;1;;;;;6-10;6-10;20+
2.7.2024 14:52:21;Yes;Yes;No;"OData v2 ""Smart Controls"", Reuse Components, UI5 Libraries";;none;Fiori Tools (in BAS or VS Code);Fiori Tools (in BAS or VS Code);Business Application Studio (BAS) in BTP;to BTP;;;;;;;2;;;;> 1.60;BTP;4;1-5;;1-5;;;;
2.7.2024 15:52:29;Yes;Yes;Yes;UI5 Web Components, UI5 Libraries;6-10;none;Fiori Tools (in BAS or VS Code);Fiori Tools (in BAS or VS Code);Business Application Studio (BAS) in BTP;to an on-premise SAP System;to an on-premise SAP System;;;;;;5;;;;;SAP On-Premise ECC, SAP On-Premise S/4, BTP;0;1-5;1-5;1-5;1-5;6-10;1-5;1-5
2.7.2024 16:55:12;Yes;Yes;No;"OData v2 ""Smart Controls"", Reuse Components, UI5 Libraries";;end-to-end Tests (wdi5);"""Easy UI5""-Generator, Fiori Tools (in BAS or VS Code), copy existing app";Fiori Tools (in BAS or VS Code), copy existing app;Business Application Studio (BAS) in BTP, Visual Studio Code (VS Code);to an on-premise SAP System, to BTP;;;;;;to an on-premise SAP System, to BTP;;;;;1.108 to 1.120;SAP On-Premise S/4, BTP;4;6-10;;;;;;
2.7.2024 20:48:31;Yes;Yes;No;"none of the above, simply ""Freestyle""";;Unit Tests (QUnit);"""Easy UI5""-Generator, copy existing app";you built your own generator;Visual Studio Code (VS Code);;;;;;;to an on-premise SAP System;;3;;Ui5 tooling;1.85 to 1.96;SAP On-Premise ECC;4;1-5;1-5;;;;;
2.8.2024 3:05:20;Yes;No;No;UI5 Libraries;;none;copy existing app;;Business Application Studio (BAS) in BTP;to BTP;;;;;;;7;;;;;BTP;1;;;;;;;
2.8.2024 8:28:19;Yes;No;No;"OData v2 ""Smart Controls"", Reuse Components, UI5 Libraries";;none;Fiori Tools (in BAS or VS Code), copy existing app;;Business Application Studio (BAS) in BTP, Visual Studio Code (VS Code);;;to BTP;;;;;6;;;;1.96 to 1.108;BTP;2;;;;;;;
2.8.2024 8:49:13;Yes;Yes;No;Reuse Components, UI5 Libraries;;Integration Tests (OPA5);"""Easy UI5""-Generator, you built your own generator";;Simplifier;;;;;;;;;;;chartjs;1.96 to 1.108;BTP, Other Cloud System;4;1-5;;;;;;
2.8.2024 8:50:04;No;No;Yes;;6-10;none;Fiori Tools (in BAS or VS Code);Fiori Tools (in BAS or VS Code);Business Application Studio (BAS) in BTP, Visual Studio Code (VS Code), Eclipse;to an on-premise SAP System;;;;;;to an on-premise SAP System;;;20;not;1.85 to 1.96;SAP On-Premise S/4;1;;;;;;;1-5, 11-15
2.8.2024 8:53:42;No;No;Yes;;;none;;;;;;;;;;;;;;;;;;;;;;;;1-5
2.8.2024 9:17:43;Yes;No;No;UI5 Libraries;;Playwright;Neptune;;Neptune Application Designer;;;;;;;to an on-premise SAP System, to a SAP System in der Cloud;60;;;;1.60 to 1.71;SAP On-Premise ECC, SAP On-Premise S/4;;;;;;;;
2.8.2024 15:56:25;Yes;No;No;"UI5 Web Components, OData v2 ""Smart Controls"", Reuse Components, UI5 Libraries";;none;Fiori Tools (in BAS or VS Code);Fiori Tools (in BAS or VS Code);Business Application Studio (BAS) in BTP, Visual Studio Code (VS Code), Eclipse;to a SAP System in der Cloud, to BTP;;;;;;to an on-premise SAP System;50;;;none;1.60 to 1.71;SAP On-Premise ECC, SAP On-Premise S/4, SAP S/4 Public Cloud, SAP S/4 Private Cloud, BTP;2;;;;;;;
2.10.2024 13:03:39;Yes;Yes;Yes;"OData v2 ""Smart Controls"", UI5 Libraries";1-5;none;Fiori Tools (in BAS or VS Code);Fiori Tools (in BAS or VS Code);Visual Studio Code (VS Code), Eclipse;;;;;;;to an on-premise SAP System;20;40;;;1.72 to 1.84;SAP On-Premise S/4;1;20+;16-20;16-20;11-15;6-10;6-10;11-15
2.11.2024 7:10:20;Yes;No;Yes;"OData v2 ""Smart Controls"", Reuse Components, UI5 Libraries";1-5;none;Fiori Tools (in BAS or VS Code), copy existing app;Fiori Tools (in BAS or VS Code), copy existing app;Business Application Studio (BAS) in BTP, Visual Studio Code (VS Code);to BTP;to BTP;;;;;;50;;;;1.96 to 1.108;SAP On-Premise ECC, SAP On-Premise S/4, BTP;2;;;;;1-5;1-5;1-5
2.11.2024 9:09:06;Yes;Yes;Yes;Reuse Components, UI5 Libraries, Own libraries ;1-5;Unit Tests (QUnit), Integration Tests (OPA5), end-to-end Tests (wdi5);"""Easy UI5""-Generator, Fiori Tools (in BAS or VS Code)";Fiori Tools (in BAS or VS Code);Business Application Studio (BAS) in BTP, Visual Studio Code (VS Code), IntelliJ for Java CAP;;to AWS;;;;;;45;30;20;None;1.60 to 1.71;SAP On-Premise ECC, SAP On-Premise S/4, BTP;3;6-10;6-10;1-5;6-10;1-5;1-5;1-5
2.12.2024 8:37:44;No;Yes;Yes;;16-20;Unit Tests (QUnit), Integration Tests (OPA5), end-to-end Tests (wdi5);"""Easy UI5""-Generator";;Business Application Studio (BAS) in BTP, Eclipse;to an on-premise SAP System;;;;;;;;;;;;SAP On-Premise S/4, BTP;;;6-10;20+;;;;16-20
2.13.2024 7:08:55;No;No;Yes;;;Unit Tests (QUnit), end-to-end Tests (wdi5);Neptune DXP;;Neptune DXP;;;to a SAP System in der Cloud;;;;to a SAP System in der Cloud;;;;;1.108 to 1.120;SAP S/4 Private Cloud;4;;;;;1-5;1-5;
2.14.2024 11:26:21;Yes;Yes;Yes;"UI5 Web Components, Flexible Programming Model (""FPM"", containing Building Blocks/Macros (""OData v4 Smart Controls"")), OData v2 ""Smart Controls"", Reuse Components, UI5 Libraries";6-10;none;"""Easy UI5""-Generator, Fiori Tools (in BAS or VS Code)";Fiori Tools (in BAS or VS Code);Business Application Studio (BAS) in BTP, Visual Studio Code (VS Code), Sometimes still the WebIde in the Personal Edition;to an on-premise SAP System, to BTP;;;;;;to BTP;3;2;12;;1.96 to 1.108;SAP On-Premise ECC, SAP On-Premise S/4, BTP, Other Cloud System;2;1-5;;;;;1-5;
2.14.2024 11:48:53;No;No;Yes;;6-10;Manuelle Tests;Fiori Tools (in BAS or VS Code), copy existing app;;Business Application Studio (BAS) in BTP, Visual Studio Code (VS Code);to an on-premise SAP System;;;;;;to an on-premise SAP System;;;;abap2UI5;1.72 to 1.84;SAP On-Premise ECC, SAP On-Premise S/4;1;;;;;1-5;1-5;
2.14.2024 17:15:44;Yes;Yes;No;"OData v2 ""Smart Controls"", Reuse Components, UI5 Libraries";;none;"""Easy UI5""-Generator";Fiori Tools (in BAS or VS Code);Visual Studio Code (VS Code);;;;;;;to an on-premise SAP System, to BTP;;2;;;1.60 to 1.71;SAP On-Premise ECC, BTP;1;;1-5;;;;;
2.15.2024 17:41:18;Yes;Yes;Yes;"Flexibility: UI Adaptations (https://ui5.sap.com/sdk/#/topic/f1430c0337534d469da3a56307ff76af.html), OData v2 ""Smart Controls"", Reuse Components, UI5 Libraries";1-5;none;Fiori Tools (in BAS or VS Code);Fiori Tools (in BAS or VS Code);Business Application Studio (BAS) in BTP, Visual Studio Code (VS Code);to an on-premise SAP System;;;;;;to an on-premise SAP System;10;10;;;1.85 to 1.96;SAP On-Premise S/4;4;1-5;1-5;1-5;1-5;1-5;1-5;1-5
2.16.2024 3:33:36;Yes;Yes;Yes;"UI5 Web Components, Flexible Programming Model (""FPM"", containing Building Blocks/Macros (""OData v4 Smart Controls"")), UI5 Libraries, Other NPM libraries ";1-5;end-to-end Tests (wdi5);"""Easy UI5""-Generator";Fiori Tools (in BAS or VS Code);Business Application Studio (BAS) in BTP, Visual Studio Code (VS Code), JetBrains software;to an on-premise SAP System;;;;;;;;3;;;1.108 to 1.120;BTP;4;1-5;;;;;;1-5
2.16.2024 8:38:23;Yes;Yes;No;"OData v2 ""Smart Controls"", UI5 Libraries";;none;Fiori Tools (in BAS or VS Code);Fiori Tools (in BAS or VS Code);Business Application Studio (BAS) in BTP, Visual Studio Code (VS Code);to an on-premise SAP System;;;;;;to an on-premise SAP System;;4;;None;1.96 to 1.108;SAP On-Premise ECC;1;1-5;1-5;;;;;
2.21.2024 8:56:35;Yes;No;Yes;"OData v2 ""Smart Controls"", Reuse Components, UI5 Libraries";1-5;none;Fiori Tools (in BAS or VS Code);Fiori Tools (in BAS or VS Code);Visual Studio Code (VS Code);;;;to an on-premise SAP System;;;;8;;4;odata2ts;1.108 to 1.120;SAP On-Premise S/4, BTP;3;;;;;1-5;1-5;1-5
2.23.2024 23:50:01;Yes;Yes;Yes;"OData v2 ""Smart Controls"", none of the above, simply ""Freestyle""";;none;Fiori Tools (in BAS or VS Code), you built your own generator, copy existing app;Fiori Tools (in BAS or VS Code);Business Application Studio (BAS) in BTP, Visual Studio Code (VS Code);;;;to an on-premise SAP System, to BTP;;;;30;2;5;ui5 cc spreadsheet uploader;1.108 to 1.120;SAP On-Premise S/4, BTP;3;1-5;;;1-5;1-5;1-5;
2.29.2024 8:40:20;Yes;No;Yes;UI5 Libraries;6-10;none;Fiori Tools (in BAS or VS Code);;WebIDE;;to an on-premise SAP System;;;;;;1;;10;none;1.60 to 1.71;SAP On-Premise S/4;1;;;;;;;1-5
3.1.2024 13:16:28;Yes;Yes;Yes;Reuse Components, UI5 Libraries;;none;Fiori Tools (in BAS or VS Code);Fiori Tools (in BAS or VS Code);Visual Studio Code (VS Code);;;;;;;to an on-premise SAP System;approx 50;max 5;approx 25;;1.108 to 1.120;SAP On-Premise ECC, SAP On-Premise S/4;2;1-5;;1-5;;;1-5;20+
3.1.2024 20:53:08;Yes;Yes;Yes;"OData v2 ""Smart Controls"", Reuse Components, UI5 Libraries, none of the above, simply ""Freestyle""";1-5;Unit Tests (QUnit), Integration Tests (OPA5);Fiori Tools (in BAS or VS Code);Fiori Tools (in BAS or VS Code);Business Application Studio (BAS) in BTP, Visual Studio Code (VS Code);to an on-premise SAP System, to BTP;;;;;;;30;3;100;Moment;1.108 to 1.120;SAP On-Premise ECC, SAP On-Premise S/4, BTP, Hybrid;2;1-5;;;;11-15;6-10;20+
3.2.2024 7:06:01;Yes;No;Yes;"none of the above, simply ""Freestyle"", Not sure if the question will Côme later: we run in sapui5 1.71 for almost all apps, except One is on 1.38";1-5;none;copy existing app;We don’t ;Visual Studio Code (VS Code);;;;to an on-premise SAP System;to an on-premise SAP System;to an on-premise SAP System;to an on-premise SAP System;About 40-50;;;;1.60 to 1.71;SAP On-Premise ECC;2;;;;;1-5;1-5;
3.4.2024 2:03:32;Yes;Yes;Yes;"OData v2 ""Smart Controls""";;none;"""Easy UI5""-Generator";Fiori Tools (in BAS or VS Code);Business Application Studio (BAS) in BTP;to BTP;;;;;;;5;2;200;;1.108 to 1.120;SAP S/4 Public Cloud, BTP;4;1-5;;;;;;20+
3.4.2024 10:20:26;Yes;No;Yes;"UI5 Libraries, none of the above, simply ""Freestyle""";11-15;none;Fiori Tools (in BAS or VS Code);Fiori Tools (in BAS or VS Code);Business Application Studio (BAS) in BTP, Visual Studio Code (VS Code);to an on-premise SAP System;;;;;;;;;;;1.96 to 1.108;SAP On-Premise ECC;1;;;;;1-5;;
3.5.2024 10:02:54;Yes;Yes;Yes;"Flexible Programming Model (""FPM"", containing Building Blocks/Macros (""OData v4 Smart Controls"")), Flexibility: UI Adaptations (https://ui5.sap.com/sdk/#/topic/f1430c0337534d469da3a56307ff76af.html), OData v2 ""Smart Controls"", none of the above, simply ""Freestyle""";1-5;none;"""Easy UI5""-Generator, Fiori Tools (in BAS or VS Code)";Fiori Tools (in BAS or VS Code);Visual Studio Code (VS Code);to an on-premise SAP System;;to an on-premise SAP System;;;;to an on-premise SAP System;25;5;;;1.85 to 1.96;SAP On-Premise ECC, SAP On-Premise S/4;1;1-5;1-5;1-5;;1-5;;20+
3.7.2024 7:20:15;Yes;Yes;No;"OData v2 ""Smart Controls"", Reuse Components, UI5 Libraries, TypeScript";;Unit Tests (QUnit), Integration Tests (OPA5);own freestyle ui5 + TypeScript template (git repository);Fiori Tools (in BAS or VS Code);Visual Studio Code (VS Code);;to BTP;;to BTP;;;to BTP;70+;;;;1.96 to 1.108;SAP On-Premise ECC;3;11-15;1-5;;;;;
3.8.2024 7:34:46;Yes;No;No;"UI5 Web Components, Flexible Programming Model (""FPM"", containing Building Blocks/Macros (""OData v4 Smart Controls"")), Flexibility: UI Adaptations (https://ui5.sap.com/sdk/#/topic/f1430c0337534d469da3a56307ff76af.html), OData v2 ""Smart Controls"", UI5 Libraries, XML Freestyle views";;Integration Tests (OPA5), end-to-end Tests (wdi5);"""Easy UI5""-Generator, Fiori Tools (in BAS or VS Code), copy existing app";;Business Application Studio (BAS) in BTP;to BTP;;;;;;;;;;;1.108 to 1.120;BTP;4;;;;;;;
3.12.2024 18:14:53;No;Yes;Yes;;6-10, 11-15;none;Fiori Tools (in BAS or VS Code), copy existing app;Fiori Tools (in BAS or VS Code);Business Application Studio (BAS) in BTP, Visual Studio Code (VS Code);to an on-premise SAP System;;;;;;to an on-premise SAP System;;;;;1.108 to 1.120;SAP On-Premise S/4, BTP;2;1-5;1-5;;;6-10;6-10;16-20
4.5.2024 2:25:39;Yes;Yes;Yes;"UI5 Web Components, Flexible Programming Model (""FPM"", containing Building Blocks/Macros (""OData v4 Smart Controls"")), Flexibility: UI Adaptations (https://ui5.sap.com/sdk/#/topic/f1430c0337534d469da3a56307ff76af.html), OData v2 ""Smart Controls"", Reuse Components, UI5 Libraries, External libraries and map libs";11-15;Unit Tests (QUnit), Integration Tests (OPA5), end-to-end Tests (wdi5);"""Easy UI5""-Generator, Fiori Tools (in BAS or VS Code), you built your own generator";Fiori Tools (in BAS or VS Code), you built your own generator;Business Application Studio (BAS) in BTP, Visual Studio Code (VS Code), Eclipse, SAP WebIDE;to an on-premise SAP System, to a SAP System in der Cloud, to BTP, to Azure;;;;;;;A lot;More than 10;A lot;;1.96 to 1.108;SAP On-Premise ECC, SAP On-Premise S/4, SAP S/4 Private Cloud, BTP, Hybrid;2;1-5;;6-10;1-5;;;11-15
4.5.2024 21:00:44;Yes;Yes;Yes;"Flexible Programming Model (""FPM"", containing Building Blocks/Macros (""OData v4 Smart Controls"")), Flexibility: UI Adaptations (https://ui5.sap.com/sdk/#/topic/f1430c0337534d469da3a56307ff76af.html), OData v2 ""Smart Controls"", Reuse Components, UI5 Libraries";20+;none;"""Easy UI5""-Generator, Fiori Tools (in BAS or VS Code)";Fiori Tools (in BAS or VS Code);Business Application Studio (BAS) in BTP, Visual Studio Code (VS Code);to an on-premise SAP System, to a SAP System in der Cloud, to BTP;to an on-premise SAP System, to a SAP System in der Cloud, to BTP;;;;;to an on-premise SAP System, to a SAP System in der Cloud, to BTP;At some customers around 100 apps, others 20 to 50. Depends from customer to customer.;25 to 50, depending on the customer ;200 to 500 depending on customer ;None;1.96 to 1.108;SAP On-Premise ECC, SAP On-Premise S/4, SAP S/4 Private Cloud, BTP, Hybrid, Other Cloud System;3;20+;16-20;6-10;11-15;11-15;11-15;20+
4.15.2024 14:14:01;Yes;No;No;UI5 Libraries;;none;"""Easy UI5""-Generator, Fiori Tools (in BAS or VS Code)";;Visual Studio Code (VS Code);;;;;;;to an on-premise SAP System, to a SAP System in der Cloud;;;;;1.60 to 1.71;SAP On-Premise ECC;1;;;;;;;
4.18.2024 19:56:56;Yes;Yes;Yes;"OData v2 ""Smart Controls"", UI5 Libraries";6-10;none;Fiori Tools (in BAS or VS Code);Fiori Tools (in BAS or VS Code);Business Application Studio (BAS) in BTP, Visual Studio Code (VS Code);to an on-premise SAP System;;;;;;;;;;;1.96 to 1.108;SAP On-Premise ECC, SAP On-Premise S/4;2;6-10;1-5;11-15;1-5;1-5;1-5;1-5